sku,name,category,typical_price,typical_cost
364D05EC,Himalaya Purifying Neem Face Wash (200ml),Personal Care,40.0,34.0
4DB3C75F,"Adidas Men's Running Shoes (Adiray 1.0, Grey)",Sports & Fitness,2499.0,2124.15
1C8468B0,Himalaya Purifying Neem Face Wash (150ml),Personal Care,250.0,212.5
EBC725CD,"HP 15s Laptop (Ryzen 5, 8GB RAM, 512GB Storage, Blue)",Electronics,45000.0,38250.0
1279A8E3,"Levi's Men's 511 Slim Fit Jeans (Blue, M)",Clothing & Apparel,2499.0,2124.15
6B1C4848,"LG 6.5 Kg Top Load Washing Machine (Smart Inverter, Middle Free Silver)",Electronics,2000.0,1700.0
47A779DD,boAt Airdopes 141 True Wireless Earbuds (Blue),Electronics,2000.0,1700.0
DDB26763,Maggi 2-Minute Instant Noodles Masala (Pack of 12),Food & Grocery,40.0,34.0
D7EE8CD1,Aashirvaad Select Sharbati Atta (5kg Pack),Food & Grocery,40.0,34.0
F4DE4752,Aashirvaad Select Sharbati Atta (1kg),Food & Grocery,500.0,425.0
4B4A683A,Patanjali Divya Chyawanprash (1kg),Personal Care,250.0,212.5
735C2277,"Milton Aqua 1000 Stainless Steel Water Bottle (1 Litre, Silver)",Home & Kitchen,250.0,212.5
280F66DA,Funskool Giggles Stacking Drums,Toys & Baby Products,40.0,34.0
BD9E837D,Himalaya Purifying Neem Face Wash (100ml),Personal Care,250.0,212.5
6582D6C4,"Maybelline New York Colossal Kajal (Black, 0.35g)",Personal Care,250.0,212.5
1E40FC16,Mamaearth Ubtan Face Wash with Turmeric & Saffron (100ml),Personal Care,500.0,425.0
B60755CA,"Amazon Brand - Solimo XXXL Bean Bag Cover (Without Beans, Brown)",Home & Kitchen,250.0,212.5
46233F42,Rich Dad Poor Dad by Robert T. Kiyosaki,Books & Stationery,40.0,34.0
DB3F70C5,Mee Mee Mild Baby Liquid Laundry Detergent (1.5 Litre),Toys & Baby Products,40.0,34.0
13980B58,Dove Intense Repair Shampoo (650ml),Personal Care,250.0,212.5
BDE03FDC,Amrutanjan Pain Balm Extra Power (50ml),Personal Care,40.0,34.0
36F17FBC,"Cello Checkers Plastic PET Canister Set (18 Pieces, Clear)",Home & Kitchen,250.0,212.5
93B6F5B9,"Philips Daily Collection Mixer Grinder (750W, 3 Jars, White/Purple)",Home & Kitchen,40.0,34.0
D81C709C,RD Sharma Mathematics for Class 12,Books & Stationery,40.0,34.0
8D8C3EA6,Funskool Giggles Stacking Drums,Toys & Baby Products,40.0,34.0
7876BD09,RD Sharma Mathematics for Class 12,Books & Stationery,250.0,212.5
9C14A024,"HP 15s Laptop (Ryzen 5, 16GB RAM, 128GB Storage, Silver)",Electronics,15000.0,12750.0
3F19D47F,"HP 15s Laptop (Ryzen 5, 6GB RAM, 512GB Storage, Black)",Electronics,45000.0,38250.0
79E8A9FD,AmazonBasics High-Speed HDMI Cable (6 Feet),Electronics,2000.0,1700.0
596D3115,Dove Intense Repair Shampoo (500ml),Personal Care,40.0,34.0
C7E4B31F,HP DeskJet 2331 All-in-One Inkjet Colour Printer,Books & Stationery,250.0,212.5
1B346C8D,"Lakmé Eyeconic Kajal (Deep Black, 0.35g)",Personal Care,40.0,34.0
4D3E344D,"HP 15s Laptop (Ryzen 5, 8GB RAM, 256GB Storage, Blue)",Electronics,45000.0,38250.0
78A37A3A,"Lakmé Eyeconic Kajal (Deep Black, 0.35g)",Personal Care,40.0,34.0
36B4887D,Himalaya Purifying Neem Face Wash (50ml),Personal Care,40.0,34.0
AF6E677C,"FabIndia Men's Cotton Full Sleeve Blue Kurta (Blue, XL)",Clothing & Apparel,399.0,339.15
89B94824,Logitech K380 Multi-Device Bluetooth Keyboard (Rose),Electronics,15000.0,12750.0
F5C762EC,LuvLap Sunshine Baby Stroller (Blue),Toys & Baby Products,500.0,425.0
9D86AF51,Patanjali Divya Chyawanprash (1kg),Personal Care,40.0,34.0
ED61D457,"Myprotein Impact Whey Protein (1kg, Chocolate Smooth)",Sports & Fitness,2499.0,2124.15
80E16936,"Fast&Up Charge Vitamin C & Zinc Effervescent Tablets (Orange, 60 Tablets)",Sports & Fitness,399.0,339.15
D63075F8,"Nivia Storm Football (Size 5, White/Black)",Sports & Fitness,399.0,339.15
F6F9170D,"Pampers Premium Care Pants Diapers (Medium, 76 Count)",Toys & Baby Products,500.0,425.0
71A6D31C,Prestige Svachh Nakshatra Aluminium Pressure Cooker (5 Litre),Home & Kitchen,40.0,34.0
8862F0B7,"Pampers Premium Care Pants Diapers (Medium, 76 Count)",Toys & Baby Products,250.0,212.5
9E3E401E,"Levi's Men's 511 Slim Fit Jeans (Black, L)",Clothing & Apparel,2499.0,2124.15
B7285462,"Solimo Microfibre Reversible Comforter (Single, Aqua Blue & Olive Green)",Home & Kitchen,250.0,212.5
421C0B8D,Mamaearth Ubtan Face Wash with Turmeric & Saffron (150ml),Personal Care,40.0,34.0
1A22B8A4,"Fast&Up Charge Vitamin C & Zinc Effervescent Tablets (Orange, 60 Tablets)",Sports & Fitness,399.0,339.15
AB1C88C2,Strauss Adjustable Hand Grip Strengthener,Sports & Fitness,399.0,339.15
51564D9A,L'Oreal Paris Total Repair 5 Conditioner (192.5ml),Personal Care,250.0,212.5
BFE36456,Prestige Svachh Nakshatra Aluminium Pressure Cooker (3 Litre),Home & Kitchen,40.0,34.0
9A5A02D8,"Wipro Garnet 12W LED Batten (Cool Day Light, Pack of 2)",Electronics,15000.0,12750.0
4E38E57A,"Levi's Men's 511 Slim Fit Jeans (Red, S)",Clothing & Apparel,399.0,339.15
206B531B,"Nivia Storm Football (Size 5, White/Black)",Sports & Fitness,2499.0,2124.15
DB568829,"Pampers Premium Care Pants Diapers (Medium, 76 Count)",Toys & Baby Products,40.0,34.0
89B44C13,"LG 6.5 Kg Top Load Washing Machine (Smart Inverter, Middle Free Silver)",Electronics,15000.0,12750.0
7F00F390,"Nivia Storm Football (Size 5, White/Black)",Sports & Fitness,399.0,339.15
7003101E,Mamaearth Ubtan Face Wash with Turmeric & Saffron (200ml),Personal Care,40.0,34.0
2AE1F426,Asian Paints TruCare Wall Putty (5kg),Home & Kitchen,40.0,34.0
01951C2E,Himalaya Purifying Neem Face Wash (150ml),Personal Care,500.0,425.0
58D6459A,"Fast&Up Charge Vitamin C & Zinc Effervescent Tablets (Orange, 60 Tablets)",Sports & Fitness,399.0,339.15
0D438C5A,Objective General English by S.P. Bakshi (Arihant Publications),Books & Stationery,40.0,34.0
80F86969,Aashirvaad Select Sharbati Atta (2kg),Food & Grocery,40.0,34.0
BC6789A6,"Optimum Nutrition (ON) Gold Standard 100% Whey Protein Powder (2 lbs, Double Rich Chocolate)",Sports & Fitness,399.0,339.15
5C5945CD,The Psychology of Money by Morgan Housel,Books & Stationery,40.0,34.0
4D4550C3,Aashirvaad Select Sharbati Atta (1kg),Food & Grocery,250.0,212.5
0F994926,"Levi's Men's 511 Slim Fit Jeans (Blue, XXL)",Clothing & Apparel,399.0,339.15
64CF20B0,"Levi's Men's 511 Slim Fit Jeans (White, S)",Clothing & Apparel,999.0,849.15
3DC720F5,Maggi 2-Minute Instant Noodles Masala (Pack of 6),Food & Grocery,40.0,34.0
D65C82DA,"Nayasa Plastic Kitchen Storage Container Set (Set of 3, Blue)",Home & Kitchen,40.0,34.0
283DA853,"Boldfit Yoga Mat for Women and Men (6mm Extra Thick, Blue)",Sports & Fitness,399.0,339.15
1169B3E6,"Levi's Men's 511 Slim Fit Jeans (Blue, M)",Clothing & Apparel,999.0,849.15
1F1F49C7,"Lakmé Eyeconic Kajal (Deep Black, 0.35g)",Personal Care,40.0,34.0
A26E690B,Aashirvaad Select Sharbati Atta (5kg Pack),Food & Grocery,40.0,34.0
F7C571D1,Maggi 2-Minute Instant Noodles Masala (Pack of 12),Food & Grocery,40.0,34.0
851D6B5C,"FabIndia Men's Cotton Full Sleeve Blue Kurta (Blue, L)",Clothing & Apparel,999.0,849.15
AF90733C,"FabIndia Men's Cotton Full Sleeve Blue Kurta (White, L)",Clothing & Apparel,399.0,339.15
A512353B,"HP 15s Laptop (Ryzen 5, 8GB RAM, 512GB Storage, Grey)",Electronics,2000.0,1700.0
AB575B75,Maggi 2-Minute Instant Noodles Masala (Pack of 6),Food & Grocery,500.0,425.0
3E59E212,Asian Paints TruCare Wall Putty (5kg),Home & Kitchen,500.0,425.0
997C73E1,"FabIndia Men's Cotton Full Sleeve Blue Kurta (Red, S)",Clothing & Apparel,399.0,339.15
866245F5,boAt Airdopes 141 True Wireless Earbuds (Pink),Electronics,45000.0,38250.0
F33B9DA2,"Classmate Pulse Spiral Notebook (Unruled, 180 Pages, Pack of 6)",Books & Stationery,40.0,34.0
BEEA3E71,Asian Paints TruCare Wall Putty (5kg),Home & Kitchen,500.0,425.0
F10B95E1,Aashirvaad Select Sharbati Atta (5kg Pack),Food & Grocery,500.0,425.0
999837A7,Nescafe Classic Instant Coffee Powder (100g Jar),Food & Grocery,250.0,212.5
034A585B,Haldiram's Nagpur Aloo Bhujia (400g),Food & Grocery,40.0,34.0
8A3B8FCD,"Fast&Up Charge Vitamin C & Zinc Effervescent Tablets (Orange, 60 Tablets)",Sports & Fitness,2499.0,2124.15
2D47139F,"FabIndia Men's Cotton Full Sleeve Blue Kurta (Red, L)",Clothing & Apparel,2499.0,2124.15
287982FB,Objective General English by S.P. Bakshi (Arihant Publications),Books & Stationery,250.0,212.5
9EC49724,"Apple iPhone 15 (128GB, Blue)",Electronics,45000.0,38250.0
D43AB421,"FabIndia Men's Cotton Full Sleeve Blue Kurta (Yellow, M)",Clothing & Apparel,2499.0,2124.15
6B2B6402,"Classmate Pulse Spiral Notebook (Unruled, 180 Pages, Pack of 6)",Books & Stationery,40.0,34.0
B799A274,HP DeskJet 2331 All-in-One Inkjet Colour Printer,Books & Stationery,500.0,425.0
57FD1816,Prestige Svachh Nakshatra Aluminium Pressure Cooker (1.5 Litre),Home & Kitchen,40.0,34.0
F2CEB83D,"Hawkins Contura Hard Anodised Pressure Cooker (3 Litre, Black)",Home & Kitchen,500.0,425.0
92C8F1CB,"Nivia Storm Football (Size 5, White/Black)",Sports & Fitness,2499.0,2124.15
E121B76E,Aashirvaad Select Sharbati Atta (1kg),Food & Grocery,500.0,425.0
2B5711FD,The Psychology of Money by Morgan Housel,Books & Stationery,40.0,34.0
87D091E9,"BIBA Women's Cotton Straight Kurti (Yellow) (Yellow, L)",Clothing & Apparel,999.0,849.15
DD82A5AE,Maggi 2-Minute Instant Noodles Masala (Pack of 6),Food & Grocery,500.0,425.0
602A7B5C,"LG 6.5 Kg Top Load Washing Machine (Smart Inverter, Middle Free Silver)",Electronics,2000.0,1700.0
808DA737,"Pampers Premium Care Pants Diapers (Medium, 76 Count)",Toys & Baby Products,500.0,425.0
C31C2B3B,"Adidas Men's Running Shoes (Adiray 1.0, Grey)",Sports & Fitness,999.0,849.15
316A99A9,Aashirvaad Select Sharbati Atta (100g),Food & Grocery,40.0,34.0
ED9B823C,Objective General English by S.P. Bakshi (Arihant Publications),Books & Stationery,40.0,34.0
DFEC83F4,Himalaya Purifying Neem Face Wash (100ml),Personal Care,250.0,212.5
79A0F427,"Nivia Storm Football (Size 5, White/Black)",Sports & Fitness,999.0,849.15
4C706F73,"Fast&Up Charge Vitamin C & Zinc Effervescent Tablets (Orange, 60 Tablets)",Sports & Fitness,2499.0,2124.15
9CD48A44,Maggi 2-Minute Instant Noodles Masala (Pack of 12),Food & Grocery,40.0,34.0
3F5307A7,boAt Airdopes 141 True Wireless Earbuds (Red),Electronics,45000.0,38250.0
09951F92,"Wipro Garnet 12W LED Batten (Cool Day Light, Pack of 2)",Electronics,45000.0,38250.0
10F3B222,"Myprotein Impact Whey Protein (1kg, Chocolate Smooth)",Sports & Fitness,999.0,849.15
CE57868A,"FabIndia Men's Cotton Full Sleeve Blue Kurta (Grey, S)",Clothing & Apparel,999.0,849.15
5756A188,"Lakmé Eyeconic Kajal (Deep Black, 0.35g)",Personal Care,250.0,212.5
B8EED2D9,The Psychology of Money by Morgan Housel,Books & Stationery,40.0,34.0
5E3726F8,"JK Copier Paper A4 Size (500 Sheets, 75 GSM)",Books & Stationery,250.0,212.5
5A1E8753,Himalaya Purifying Neem Face Wash (100ml),Personal Care,500.0,425.0
DB744931,"Myprotein Impact Whey Protein (1kg, Chocolate Smooth)",Sports & Fitness,399.0,339.15
E9B67A96,"FabIndia Men's Cotton Full Sleeve Blue Kurta (Black, XXL)",Clothing & Apparel,999.0,849.15
3729A922,Patanjali Divya Chyawanprash (1kg),Personal Care,500.0,425.0
9BDBBDB9,Asian Paints TruCare Wall Putty (5kg),Home & Kitchen,250.0,212.5
EBC21650,"Lakmé Eyeconic Kajal (Deep Black, 0.35g)",Personal Care,40.0,34.0
378F237D,"JK Copier Paper A4 Size (500 Sheets, 75 GSM)",Books & Stationery,40.0,34.0
2617F436,"Samsung Galaxy M34 5G (Prism Silver, 8GB RAM, 128GB Storage)",Electronics,2000.0,1700.0
2563CD8D,Aashirvaad Select Sharbati Atta (100g),Food & Grocery,250.0,212.5
C1A4E608,"Levi's Men's 511 Slim Fit Jeans (Black, S)",Clothing & Apparel,399.0,339.15
0B8EB67D,"FabIndia Men's Cotton Full Sleeve Blue Kurta (Blue, M)",Clothing & Apparel,399.0,339.15
C3B8024D,"Myprotein Impact Whey Protein (1kg, Chocolate Smooth)",Sports & Fitness,999.0,849.15
7E2D11A8,"Cello H2O Unbreakable Water Bottle (1 Litre, Set of 18, Assorted Colours)",Home & Kitchen,40.0,34.0
0C82C1BF,"Nivia Storm Football (Size 5, White/Black)",Sports & Fitness,2499.0,2124.15
211D63DA,"Pampers Premium Care Pants Diapers (Medium, 76 Count)",Toys & Baby Products,250.0,212.5
571A3CF7,HP DeskJet 2331 All-in-One Inkjet Colour Printer,Books & Stationery,500.0,425.0
CFD72C64,HP DeskJet 2331 All-in-One Inkjet Colour Printer,Books & Stationery,40.0,34.0
A42898E9,"Classmate Pulse Spiral Notebook (Unruled, 180 Pages, Pack of 6)",Books & Stationery,250.0,212.5
A70DAE0F,Himalaya Purifying Neem Face Wash (650ml),Personal Care,500.0,425.0
79740DF4,AmazonBasics High-Speed HDMI Cable (6 Feet),Electronics,15000.0,12750.0
F314071B,"Philips Daily Collection Mixer Grinder (750W, 3 Jars, White/Purple)",Home & Kitchen,500.0,425.0
9942C593,Mamaearth Ubtan Face Wash with Turmeric & Saffron (500ml),Personal Care,40.0,34.0
C75EF206,"Classmate Pulse Spiral Notebook (Unruled, 180 Pages, Pack of 6)",Books & Stationery,500.0,425.0
B2815F2E,"Wipro Garnet 12W LED Batten (Cool Day Light, Pack of 2)",Electronics,15000.0,12750.0
782659C0,Patanjali Divya Chyawanprash (1kg),Personal Care,250.0,212.5
A3BB941C,boAt Airdopes 141 True Wireless Earbuds (White),Electronics,2000.0,1700.0
B8B4C143,"Philips Daily Collection Mixer Grinder (750W, 3 Jars, White/Purple)",Home & Kitchen,500.0,425.0
42E44E24,"Levi's Men's 511 Slim Fit Jeans (Grey, L)",Clothing & Apparel,999.0,849.15
1A6909CF,Mamaearth Ubtan Face Wash with Turmeric & Saffron (150ml),Personal Care,500.0,425.0
89F5F051,"Pampers Premium Care Pants Diapers (Medium, 76 Count)",Toys & Baby Products,40.0,34.0
8D935513,L'Oreal Paris Total Repair 5 Conditioner (192.5ml),Personal Care,500.0,425.0
56296D0B,Prestige Svachh Nakshatra Aluminium Pressure Cooker (3 Litre),Home & Kitchen,250.0,212.5
77738763,"Pampers Premium Care Pants Diapers (Medium, 76 Count)",Toys & Baby Products,40.0,34.0
836709BC,Patanjali Divya Chyawanprash (1kg),Personal Care,40.0,34.0
15699F75,Dove Intense Repair Shampoo (400ml),Personal Care,250.0,212.5
F3AB7336,"Lakmé Eyeconic Kajal (Deep Black, 0.35g)",Personal Care,250.0,212.5
85DA4C77,"Myprotein Impact Whey Protein (1kg, Chocolate Smooth)",Sports & Fitness,999.0,849.15
70EF2F1F,Mamaearth Ubtan Face Wash with Turmeric & Saffron (100ml),Personal Care,40.0,34.0
62D07E5F,"Lakmé Eyeconic Kajal (Deep Black, 0.35g)",Personal Care,250.0,212.5
5C1E153B,"Optimum Nutrition (ON) Gold Standard 100% Whey Protein Powder (2 lbs, Double Rich Chocolate)",Sports & Fitness,2499.0,2124.15
761292CC,Objective General English by S.P. Bakshi (Arihant Publications),Books & Stationery,500.0,425.0
DF8204F4,"Nivia Storm Football (Size 5, White/Black)",Sports & Fitness,999.0,849.15
B3FD85B3,"Wipro Garnet 12W LED Batten (Cool Day Light, Pack of 2)",Electronics,2000.0,1700.0
D8EE8695,"Levi's Men's 511 Slim Fit Jeans (Grey, S)",Clothing & Apparel,2499.0,2124.15
F7D3D1BC,"Pampers Premium Care Pants Diapers (Medium, 76 Count)",Toys & Baby Products,250.0,212.5
B9197811,"Pampers Premium Care Pants Diapers (Medium, 76 Count)",Toys & Baby Products,500.0,425.0
B690F475,Asian Paints TruCare Wall Putty (5kg),Home & Kitchen,500.0,425.0
12DA2BC5,"Fast&Up Charge Vitamin C & Zinc Effervescent Tablets (Orange, 60 Tablets)",Sports & Fitness,999.0,849.15
DAA60B03,Maggi 2-Minute Instant Noodles Masala (Pack of 12),Food & Grocery,250.0,212.5
885A1143,Aashirvaad Select Sharbati Atta (2kg),Food & Grocery,250.0,212.5
E653D92B,AmazonBasics High-Speed HDMI Cable (6 Feet),Electronics,2000.0,1700.0
448769B6,"Myprotein Impact Whey Protein (1kg, Chocolate Smooth)",Sports & Fitness,2499.0,2124.15
38B6438B,"Adidas Men's Running Shoes (Adiray 1.0, Grey)",Sports & Fitness,2499.0,2124.15
7EA21118,"Cello Checkers Plastic PET Canister Set (Set of 12, Clear)",Home & Kitchen,40.0,34.0
0749BF11,Asian Paints TruCare Wall Putty (5kg),Home & Kitchen,40.0,34.0
6A5AB497,"Optimum Nutrition (ON) Gold Standard 100% Whey Protein Powder (2 lbs, Double Rich Chocolate)",Sports & Fitness,999.0,849.15
E82D44DD,"Philips Daily Collection Mixer Grinder (750W, 3 Jars, White/Purple)",Home & Kitchen,40.0,34.0
63151552,Amrutanjan Pain Balm Extra Power (50ml),Personal Care,500.0,425.0
1733AF66,"Levi's Men's 511 Slim Fit Jeans (Green, L)",Clothing & Apparel,399.0,339.15
BA954493,"Myprotein Impact Whey Protein (1kg, Chocolate Smooth)",Sports & Fitness,2499.0,2124.15
A35A93F2,"Pampers Premium Care Pants Diapers (Medium, 76 Count)",Toys & Baby Products,500.0,425.0
7A69F2A2,"FabIndia Men's Cotton Full Sleeve Blue Kurta (Red, M)",Clothing & Apparel,399.0,339.15
C79D68B4,Patanjali Divya Chyawanprash (1kg),Personal Care,40.0,34.0
0F530AE6,Himalaya Purifying Neem Face Wash (650ml),Personal Care,40.0,34.0
F13AFB2F,"Fast&Up Charge Vitamin C & Zinc Effervescent Tablets (Orange, 60 Tablets)",Sports & Fitness,999.0,849.15
90DB7C83,"FabIndia Men's Cotton Full Sleeve Blue Kurta (Navy, L)",Clothing & Apparel,999.0,849.15
143C7489,"Philips Avent Natural Feeding Bottle (260ml, Pack of 2)",Toys & Baby Products,250.0,212.5
41D50E12,Maggi 2-Minute Instant Noodles Masala (Pack of 6),Food & Grocery,250.0,212.5
800E8B19,"HP 15s Laptop (Ryzen 5, 12GB RAM, 128GB Storage, Silver)",Electronics,15000.0,12750.0
BC0765A4,Asian Paints TruCare Wall Putty (5kg),Home & Kitchen,40.0,34.0
879B10F9,Dove Intense Repair Shampoo (150ml),Personal Care,500.0,425.0
6B6B62F8,Patanjali Divya Chyawanprash (1kg),Personal Care,40.0,34.0
61CD3E5F,"LG 6.5 Kg Top Load Washing Machine (Smart Inverter, Middle Free Silver)",Electronics,2000.0,1700.0
DB150B91,Aashirvaad Select Sharbati Atta (2kg),Food & Grocery,40.0,34.0
A0515B28,"Pampers Premium Care Pants Diapers (Medium, 76 Count)",Toys & Baby Products,250.0,212.5
6E954B2C,"Philips Avent Natural Feeding Bottle (260ml, Pack of 2)",Toys & Baby Products,500.0,425.0
58A38D6F,"FabIndia Men's Cotton Full Sleeve Blue Kurta (Green, L)",Clothing & Apparel,399.0,339.15
BFED8909,"Lakmé Eyeconic Kajal (Deep Black, 0.35g)",Personal Care,500.0,425.0
7DB96179,The Psychology of Money by Morgan Housel,Books & Stationery,250.0,212.5
F7F6D9D6,Maggi 2-Minute Instant Noodles Masala (Pack of 12),Food & Grocery,250.0,212.5
E5E5DF74,"Samsung Galaxy M34 5G (Prism Silver, 6GB RAM, 256GB Storage)",Electronics,15000.0,12750.0
8A6739F2,"Optimum Nutrition (ON) Gold Standard 100% Whey Protein Powder (2 lbs, Double Rich Chocolate)",Sports & Fitness,399.0,339.15
F3318A20,Objective General English by S.P. Bakshi (Arihant Publications),Books & Stationery,40.0,34.0
A2E4B6E1,Funskool Giggles Stacking Drums,Toys & Baby Products,250.0,212.5
AA352BA6,Aashirvaad Select Sharbati Atta (1kg),Food & Grocery,250.0,212.5
A37E8797,"FabIndia Men's Cotton Full Sleeve Blue Kurta (Grey, M)",Clothing & Apparel,399.0,339.15
DD355879,Prestige Svachh Nakshatra Aluminium Pressure Cooker (5 Litre),Home & Kitchen,500.0,425.0
02A8F2E9,"Nivia Storm Football (Size 5, White/Black)",Sports & Fitness,999.0,849.15
8673A0D2,RD Sharma Mathematics for Class 12,Books & Stationery,500.0,425.0
C33F881A,"Philips Avent Natural Feeding Bottle (260ml, Pack of 2)",Toys & Baby Products,40.0,34.0
88BF4657,"JK Copier Paper A4 Size (500 Sheets, 75 GSM)",Books & Stationery,40.0,34.0
C0148A0A,Patanjali Divya Chyawanprash (1kg),Personal Care,250.0,212.5
5380D536,"FabIndia Men's Cotton Full Sleeve Blue Kurta (Pink, XL)",Clothing & Apparel,999.0,849.15
0B2A98F3,L'Oreal Paris Total Repair 5 Conditioner (192.5ml),Personal Care,40.0,34.0
3F589B07,"HP 15s Laptop (Ryzen 5, 12GB RAM, 512GB Storage, Black)",Electronics,45000.0,38250.0
BDC8C949,Himalaya Purifying Neem Face Wash (400ml),Personal Care,250.0,212.5
E47BC85B,"Levi's Men's 511 Slim Fit Jeans (Blue, L)",Clothing & Apparel,399.0,339.15
37F30174,Asian Paints TruCare Wall Putty (5kg),Home & Kitchen,40.0,34.0
BDCF366E,"Philips Daily Collection Mixer Grinder (750W, 3 Jars, White/Purple)",Home & Kitchen,250.0,212.5
009F3755,Aashirvaad Select Sharbati Atta (5kg Pack),Food & Grocery,250.0,212.5
0798D31D,"FabIndia Men's Cotton Full Sleeve Blue Kurta (Blue, S)",Clothing & Apparel,2499.0,2124.15
DB30751F,boAt Airdopes 141 True Wireless Earbuds (Black),Electronics,2000.0,1700.0
4BF2F90E,"Myprotein Impact Whey Protein (1kg, Chocolate Smooth)",Sports & Fitness,2499.0,2124.15
63D3120A,"FabIndia Men's Cotton Full Sleeve Blue Kurta (Yellow, S)",Clothing & Apparel,2499.0,2124.15
E4AE6F2C,"Optimum Nutrition (ON) Gold Standard 100% Whey Protein Powder (2 lbs, Double Rich Chocolate)",Sports & Fitness,999.0,849.15
27659D29,"Nivia Storm Football (Size 5, White/Black)",Sports & Fitness,2499.0,2124.15
97896E5A,"Levi's Men's 511 Slim Fit Jeans (White, XL)",Clothing & Apparel,399.0,339.15
DA2D8C92,"Lakmé Eyeconic Kajal (Deep Black, 0.35g)",Personal Care,500.0,425.0
8923F679,"Wipro Garnet 12W LED Batten (Cool Day Light, Pack of 2)",Electronics,2000.0,1700.0
C5D2015B,Prestige Svachh Nakshatra Aluminium Pressure Cooker (1.5 Litre),Home & Kitchen,250.0,212.5
94885F2E,"Adidas Men's Running Shoes (Adiray 1.0, Grey)",Sports & Fitness,999.0,849.15
29B8413A,LuvLap Sunshine Baby Stroller (Blue),Toys & Baby Products,40.0,34.0
93588A6B,Patanjali Divya Chyawanprash (1kg),Personal Care,500.0,425.0
5E9E80B6,AmazonBasics High-Speed HDMI Cable (6 Feet),Electronics,45000.0,38250.0
84489438,Patanjali Divya Chyawanprash (1kg),Personal Care,250.0,212.5
413A4F10,"Pampers Premium Care Pants Diapers (Medium, 76 Count)",Toys & Baby Products,250.0,212.5
1355B3C2,"Levi's Men's 511 Slim Fit Jeans (Grey, M)",Clothing & Apparel,2499.0,2124.15
2F7F6DCD,"Philips Daily Collection Mixer Grinder (750W, 3 Jars, White/Purple)",Home & Kitchen,40.0,34.0
1789235C,The Psychology of Money by Morgan Housel,Books & Stationery,250.0,212.5
C634C778,Himalaya Purifying Neem Face Wash (500ml),Personal Care,500.0,425.0
6C52E5CA,"Levi's Men's 511 Slim Fit Jeans (Red, XL)",Clothing & Apparel,2499.0,2124.15
C0499D8A,Mamaearth Ubtan Face Wash with Turmeric & Saffron (150ml),Personal Care,40.0,34.0
10EDD013,Dove Intense Repair Shampoo (150ml),Personal Care,250.0,212.5
6658F06D,"FabIndia Men's Cotton Full Sleeve Blue Kurta (White, M)",Clothing & Apparel,999.0,849.15
0D3E20DD,"Levi's Men's 511 Slim Fit Jeans (Blue, Free Size)",Clothing & Apparel,2499.0,2124.15
C76ABF8F,Himalaya Purifying Neem Face Wash (150ml),Personal Care,40.0,34.0
3F4F81C1,RD Sharma Mathematics for Class 12,Books & Stationery,250.0,212.5
7B04E7AE,Amrutanjan Pain Balm Extra Power (50ml),Personal Care,40.0,34.0
8E717673,"HP 15s Laptop (Ryzen 5, 16GB RAM, 256GB Storage, Silver)",Electronics,45000.0,38250.0
EE204F0B,"JK Copier Paper A4 Size (500 Sheets, 75 GSM)",Books & Stationery,500.0,425.0
092E536C,"Levi's Men's 511 Slim Fit Jeans (Green, S)",Clothing & Apparel,999.0,849.15
39EB1105,HP DeskJet 2331 All-in-One Inkjet Colour Printer,Books & Stationery,40.0,34.0
A8550BE1,"Nayasa Plastic Kitchen Storage Container Set (Set of 18, Blue)",Home & Kitchen,40.0,34.0
479BDB5A,Mamaearth Ubtan Face Wash with Turmeric & Saffron (650ml),Personal Care,500.0,425.0
E4A061CF,Himalaya Purifying Neem Face Wash (400ml),Personal Care,500.0,425.0
D9A66D69,"FabIndia Men's Cotton Full Sleeve Blue Kurta (Teal, S)",Clothing & Apparel,999.0,849.15
02E66038,Funskool Giggles Stacking Drums,Toys & Baby Products,500.0,425.0
12B09B04,Asian Paints TruCare Wall Putty (5kg),Home & Kitchen,500.0,425.0
81584F81,"Myprotein Impact Whey Protein (1kg, Chocolate Smooth)",Sports & Fitness,399.0,339.15
A003E193,"Lakmé Eyeconic Kajal (Deep Black, 0.35g)",Personal Care,40.0,34.0
179F7E6F,Amrutanjan Pain Balm Extra Power (50ml),Personal Care,250.0,212.5
3E801E89,"JK Copier Paper A4 Size (500 Sheets, 75 GSM)",Books & Stationery,40.0,34.0
2C7760CF,Aashirvaad Select Sharbati Atta (100g),Food & Grocery,250.0,212.5
AA629D2F,"Samsung Galaxy M34 5G (Prism Silver, 16GB RAM, 256GB Storage)",Electronics,45000.0,38250.0
A0D52516,Mamaearth Ubtan Face Wash with Turmeric & Saffron (100ml),Personal Care,500.0,425.0
A1536924,The Psychology of Money by Morgan Housel,Books & Stationery,500.0,425.0
D9838191,"Adidas Men's Running Shoes (Adiray 1.0, Grey)",Sports & Fitness,399.0,339.15
D27D859B,Himalaya Purifying Neem Face Wash (500ml),Personal Care,40.0,34.0
6C1526F8,Strauss Adjustable Hand Grip Strengthener,Sports & Fitness,399.0,339.15
1704821A,"HP 15s Laptop (Ryzen 5, 16GB RAM, 512GB Storage, Gold)",Electronics,45000.0,38250.0
3DA3098D,Aashirvaad Select Sharbati Atta (1kg),Food & Grocery,500.0,425.0
4E794E9E,"FabIndia Men's Cotton Full Sleeve Blue Kurta (Grey, XL)",Clothing & Apparel,399.0,339.15
9BF57824,"Nayasa Plastic Kitchen Storage Container Set (Set of 6, Blue)",Home & Kitchen,500.0,425.0
56D30C9A,Asian Paints TruCare Wall Putty (5kg),Home & Kitchen,250.0,212.5
F897A706,Mamaearth Ubtan Face Wash with Turmeric & Saffron (200ml),Personal Care,500.0,425.0
8935639D,"Philips Avent Natural Feeding Bottle (260ml, Pack of 2)",Toys & Baby Products,250.0,212.5
48C4A6C8,L'Oreal Paris Total Repair 5 Conditioner (192.5ml),Personal Care,250.0,212.5
5888BC6D,"HP 15s Laptop (Ryzen 5, 6GB RAM, 128GB Storage, Silver)",Electronics,2000.0,1700.0
EF89571B,"Classmate Pulse Spiral Notebook (Unruled, 180 Pages, Pack of 6)",Books & Stationery,40.0,34.0
8506AF9E,"FabIndia Men's Cotton Full Sleeve Blue Kurta (Navy, XL)",Clothing & Apparel,2499.0,2124.15
1A9F7867,"Lakmé Eyeconic Kajal (Deep Black, 0.35g)",Personal Care,500.0,425.0
BEE0A9F3,boAt Airdopes 141 True Wireless Earbuds (White),Electronics,45000.0,38250.0
0BB5537C,"Levi's Men's 511 Slim Fit Jeans (Black, XXL)",Clothing & Apparel,999.0,849.15
D8B36316,Himalaya Purifying Neem Face Wash (150ml),Personal Care,40.0,34.0
B4226C6A,"Nivia Storm Football (Size 5, White/Black)",Sports & Fitness,999.0,849.15
19CE01C7,Objective General English by S.P. Bakshi (Arihant Publications),Books & Stationery,500.0,425.0
922D4A86,RD Sharma Mathematics for Class 12,Books & Stationery,250.0,212.5
56294EF6,"Levi's Men's 511 Slim Fit Jeans (Green, XL)",Clothing & Apparel,2499.0,2124.15
3BF0F524,HP DeskJet 2331 All-in-One Inkjet Colour Printer,Books & Stationery,250.0,212.5
52126B69,"Fast&Up Charge Vitamin C & Zinc Effervescent Tablets (Orange, 60 Tablets)",Sports & Fitness,399.0,339.15
A3979983,Prestige Svachh Nakshatra Aluminium Pressure Cooker (5 Litre),Home & Kitchen,250.0,212.5
1D8708F8,Maggi 2-Minute Instant Noodles Masala (Pack of 6),Food & Grocery,40.0,34.0
2E0F87E8,"LG 6.5 Kg Top Load Washing Machine (Smart Inverter, Middle Free Silver)",Electronics,45000.0,38250.0
C72B2A73,The Psychology of Money by Morgan Housel,Books & Stationery,500.0,425.0
BC555308,Maggi 2-Minute Instant Noodles Masala (Pack of 6),Food & Grocery,250.0,212.5
87A68612,L'Oreal Paris Total Repair 5 Conditioner (192.5ml),Personal Care,40.0,34.0
236B193D,Prestige Svachh Nakshatra Aluminium Pressure Cooker (2 Litre),Home & Kitchen,40.0,34.0
A0ED83B8,Asian Paints TruCare Wall Putty (5kg),Home & Kitchen,40.0,34.0
D06E3DC0,"Levi's Men's 511 Slim Fit Jeans (Black, Free Size)",Clothing & Apparel,999.0,849.15
750C990C,"FabIndia Men's Cotton Full Sleeve Blue Kurta (Maroon, M)",Clothing & Apparel,999.0,849.15
76C38804,"Pampers Premium Care Pants Diapers (Medium, 76 Count)",Toys & Baby Products,500.0,425.0
B6B89C51,Dove Intense Repair Shampoo (200ml),Personal Care,250.0,212.5
C7F16D71,"FabIndia Men's Cotton Full Sleeve Blue Kurta (Yellow, L)",Clothing & Apparel,2499.0,2124.15
83D08039,"Nivia Storm Football (Size 5, White/Black)",Sports & Fitness,999.0,849.15
6ECB190F,"HP 15s Laptop (Ryzen 5, 6GB RAM, 256GB Storage, Gold)",Electronics,45000.0,38250.0
10C60A3C,"Wipro Garnet 12W LED Batten (Cool Day Light, Pack of 2)",Electronics,45000.0,38250.0
A09A911B,Himalaya Purifying Neem Face Wash (200ml),Personal Care,500.0,425.0
A9D14B81,"Classmate Pulse Spiral Notebook (Unruled, 180 Pages, Pack of 6)",Books & Stationery,250.0,212.5
0C031353,"HP 15s Laptop (Ryzen 5, 16GB RAM, 128GB Storage, Blue)",Electronics,2000.0,1700.0
D3F392A2,"Philips Avent Natural Feeding Bottle (260ml, Pack of 2)",Toys & Baby Products,500.0,425.0
22C98340,Aashirvaad Select Sharbati Atta (100g),Food & Grocery,40.0,34.0
CBFB87E9,"FabIndia Men's Cotton Full Sleeve Blue Kurta (Teal, XL)",Clothing & Apparel,2499.0,2124.15
C6566B28,Funskool Giggles Stacking Drums,Toys & Baby Products,500.0,425.0
6A773D02,Mamaearth Ubtan Face Wash with Turmeric & Saffron (50ml),Personal Care,500.0,425.0
67A91037,The Psychology of Money by Morgan Housel,Books & Stationery,40.0,34.0
60B09085,Objective General English by S.P. Bakshi (Arihant Publications),Books & Stationery,250.0,212.5
1FD0E0AE,"Pampers Premium Care Pants Diapers (Medium, 76 Count)",Toys & Baby Products,40.0,34.0
1A0507C7,"Levi's Men's 511 Slim Fit Jeans (Navy, XL)",Clothing & Apparel,2499.0,2124.15
89017ECF,"Myprotein Impact Whey Protein (1kg, Chocolate Smooth)",Sports & Fitness,999.0,849.15
9C46B222,"Adidas Men's Running Shoes (Adiray 1.0, Grey)",Sports & Fitness,2499.0,2124.15
C024041D,"Classmate Pulse Spiral Notebook (Unruled, 180 Pages, Pack of 6)",Books & Stationery,40.0,34.0
B78AC935,"Myprotein Impact Whey Protein (1kg, Chocolate Smooth)",Sports & Fitness,399.0,339.15
CC2C5488,L'Oreal Paris Total Repair 5 Conditioner (192.5ml),Personal Care,250.0,212.5
F4766F82,"Pampers Premium Care Pants Diapers (Medium, 76 Count)",Toys & Baby Products,40.0,34.0
1196B1A7,"Samsung Galaxy M34 5G (Prism Silver, 12GB RAM, 512GB Storage)",Electronics,45000.0,38250.0
AFE3F36D,"FabIndia Men's Cotton Full Sleeve Blue Kurta (Red, XL)",Clothing & Apparel,399.0,339.15
8A000472,Patanjali Divya Chyawanprash (1kg),Personal Care,40.0,34.0
7E977251,Mamaearth Ubtan Face Wash with Turmeric & Saffron (50ml),Personal Care,40.0,34.0
D06873C6,Himalaya Purifying Neem Face Wash (100ml),Personal Care,40.0,34.0
E9662B39,AmazonBasics High-Speed HDMI Cable (6 Feet),Electronics,2000.0,1700.0
1BB01539,"Cello Checkers Plastic PET Canister Set (Set of 3, Clear)",Home & Kitchen,40.0,34.0
4005E40A,"FabIndia Men's Cotton Full Sleeve Blue Kurta (Navy, M)",Clothing & Apparel,2499.0,2124.15
2D3A1D50,Objective General English by S.P. Bakshi (Arihant Publications),Books & Stationery,40.0,34.0
471C7E62,LuvLap Sunshine Baby Stroller (Blue),Toys & Baby Products,40.0,34.0
E2D83478,Maggi 2-Minute Instant Noodles Masala (Pack of 12),Food & Grocery,40.0,34.0
9DF275E6,"FabIndia Men's Cotton Full Sleeve Blue Kurta (Pink, M)",Clothing & Apparel,2499.0,2124.15
B7041A32,RD Sharma Mathematics for Class 12,Books & Stationery,40.0,34.0
0A835FC5,Maggi 2-Minute Instant Noodles Masala (Pack of 12),Food & Grocery,500.0,425.0
3C1C89D8,"Fast&Up Charge Vitamin C & Zinc Effervescent Tablets (Orange, 60 Tablets)",Sports & Fitness,399.0,339.15
809C401F,Prestige Svachh Nakshatra Aluminium Pressure Cooker (2 Litre),Home & Kitchen,250.0,212.5
AC2D0603,Prestige Svachh Nakshatra Aluminium Pressure Cooker (5 Litre),Home & Kitchen,500.0,425.0
CE643C5C,"Philips Daily Collection Mixer Grinder (750W, 3 Jars, White/Purple)",Home & Kitchen,250.0,212.5
A282AEF0,Asian Paints TruCare Wall Putty (5kg),Home & Kitchen,250.0,212.5
652181B3,"Philips Avent Natural Feeding Bottle (260ml, Pack of 2)",Toys & Baby Products,500.0,425.0
FBA34658,Aashirvaad Select Sharbati Atta (1kg),Food & Grocery,40.0,34.0
89EC94F2,"Nivia Storm Football (Size 5, White/Black)",Sports & Fitness,399.0,339.15
040DC364,Dove Intense Repair Shampoo (100ml),Personal Care,40.0,34.0
32800A56,"Levi's Men's 511 Slim Fit Jeans (Red, M)",Clothing & Apparel,999.0,849.15
C2E59ECB,"JK Copier Paper A4 Size (500 Sheets, 75 GSM)",Books & Stationery,500.0,425.0
1A54D9E4,"Myprotein Impact Whey Protein (1kg, Chocolate Smooth)",Sports & Fitness,2499.0,2124.15
58B327C4,AmazonBasics High-Speed HDMI Cable (6 Feet),Electronics,45000.0,38250.0
B3CE4BE4,"Optimum Nutrition (ON) Gold Standard 100% Whey Protein Powder (2 lbs, Double Rich Chocolate)",Sports & Fitness,999.0,849.15
61E865F1,"HP 15s Laptop (Ryzen 5, 12GB RAM, 128GB Storage, Blue)",Electronics,2000.0,1700.0
72C59E4C,"Nayasa Plastic Kitchen Storage Container Set (Set of 6, Blue)",Home & Kitchen,250.0,212.5
F0D0DFBB,"HP 15s Laptop (Ryzen 5, 16GB RAM, 512GB Storage, Silver)",Electronics,2000.0,1700.0
D842E89A,Funskool Giggles Stacking Drums,Toys & Baby Products,40.0,34.0
BAA62139,boAt Airdopes 141 True Wireless Earbuds (Blue),Electronics,15000.0,12750.0
F5B6DF5D,"Levi's Men's 511 Slim Fit Jeans (Maroon, S)",Clothing & Apparel,999.0,849.15
998B2000,"JK Copier Paper A4 Size (500 Sheets, 75 GSM)",Books & Stationery,40.0,34.0
E1BB67D7,"HP 15s Laptop (Ryzen 5, 6GB RAM, 128GB Storage, Black)",Electronics,2000.0,1700.0
C41D7F1F,Patanjali Divya Chyawanprash (1kg),Personal Care,40.0,34.0
E675D47C,Maggi 2-Minute Instant Noodles Masala (Pack of 12),Food & Grocery,500.0,425.0
55736525,"Nivia Storm Football (Size 5, White/Black)",Sports & Fitness,399.0,339.15
1A66F825,"Adidas Men's Running Shoes (Adiray 1.0, Grey)",Sports & Fitness,999.0,849.15
00A748B9,"Philips Avent Natural Feeding Bottle (260ml, Pack of 2)",Toys & Baby Products,250.0,212.5
55B66D21,Aashirvaad Select Sharbati Atta (1kg),Food & Grocery,40.0,34.0
2A7C8E28,Maggi 2-Minute Instant Noodles Masala (Pack of 6),Food & Grocery,250.0,212.5
A30A50E7,"HP 15s Laptop (Ryzen 5, 12GB RAM, 512GB Storage, Gold)",Electronics,2000.0,1700.0
A73D8E1B,"Samsung Galaxy M34 5G (Prism Silver, 12GB RAM, 128GB Storage)",Electronics,15000.0,12750.0
8C35E3C7,"Levi's Men's 511 Slim Fit Jeans (White, XXL)",Clothing & Apparel,399.0,339.15
3DBDA3F5,"Levi's Men's 511 Slim Fit Jeans (Grey, XXL)",Clothing & Apparel,999.0,849.15
41876F20,"FabIndia Men's Cotton Full Sleeve Blue Kurta (Maroon, S)",Clothing & Apparel,399.0,339.15
B42ED9E8,Patanjali Divya Chyawanprash (1kg),Personal Care,500.0,425.0
6A55A129,Objective General English by S.P. Bakshi (Arihant Publications),Books & Stationery,250.0,212.5
7024616B,"Nivia Storm Football (Size 5, White/Black)",Sports & Fitness,399.0,339.15
CA27C8CA,"Lakmé Eyeconic Kajal (Deep Black, 0.35g)",Personal Care,250.0,212.5
323DC89A,Prestige Svachh Nakshatra Aluminium Pressure Cooker (3 Litre),Home & Kitchen,500.0,425.0
BD711D87,Prestige Svachh Nakshatra Aluminium Pressure Cooker (1.5 Litre),Home & Kitchen,40.0,34.0
18751B64,Aashirvaad Select Sharbati Atta (5kg Pack),Food & Grocery,40.0,34.0
A5B0A4CF,LuvLap Sunshine Baby Stroller (Blue),Toys & Baby Products,500.0,425.0
220A5F05,"Fast&Up Charge Vitamin C & Zinc Effervescent Tablets (Orange, 60 Tablets)",Sports & Fitness,2499.0,2124.15
0205DF69,Maggi 2-Minute Instant Noodles Masala (Pack of 6),Food & Grocery,500.0,425.0
B42C3313,"Levi's Men's 511 Slim Fit Jeans (Blue, S)",Clothing & Apparel,999.0,849.15
C1BD99C8,Himalaya Purifying Neem Face Wash (150ml),Personal Care,500.0,425.0
F50C11F4,"Myprotein Impact Whey Protein (1kg, Chocolate Smooth)",Sports & Fitness,999.0,849.15
A02E556C,"Levi's Men's 511 Slim Fit Jeans (Red, Free Size)",Clothing & Apparel,999.0,849.15
E3C561C2,"Lakmé Eyeconic Kajal (Deep Black, 0.35g)",Personal Care,40.0,34.0
C3DCBD9A,"FabIndia Men's Cotton Full Sleeve Blue Kurta (White, S)",Clothing & Apparel,399.0,339.15
84AB7C37,L'Oreal Paris Total Repair 5 Conditioner (192.5ml),Personal Care,500.0,425.0
C70D9817,"FabIndia Men's Cotton Full Sleeve Blue Kurta (Blue, XXL)",Clothing & Apparel,999.0,849.15
4676D0FD,Amrutanjan Pain Balm Extra Power (50ml),Personal Care,500.0,425.0
B0174C60,AmazonBasics High-Speed HDMI Cable (6 Feet),Electronics,15000.0,12750.0
3EED3F21,"HP 15s Laptop (Ryzen 5, 8GB RAM, 128GB Storage, Gold)",Electronics,15000.0,12750.0
502EC271,Objective General English by S.P. Bakshi (Arihant Publications),Books & Stationery,500.0,425.0
56433944,Aashirvaad Select Sharbati Atta (2kg),Food & Grocery,40.0,34.0
9F0BF745,Prestige Svachh Nakshatra Aluminium Pressure Cooker (3 Litre),Home & Kitchen,40.0,34.0
C4C83DF0,The Psychology of Money by Morgan Housel,Books & Stationery,250.0,212.5
E2679922,Funskool Giggles Stacking Drums,Toys & Baby Products,40.0,34.0
AA8F0790,LuvLap Sunshine Baby Stroller (Blue),Toys & Baby Products,40.0,34.0
E47022D5,Patanjali Divya Chyawanprash (1kg),Personal Care,250.0,212.5
5E208A2D,"Lakmé Eyeconic Kajal (Deep Black, 0.35g)",Personal Care,500.0,425.0
D191D793,"Nayasa Plastic Kitchen Storage Container Set (Set of 12, Blue)",Home & Kitchen,500.0,425.0
BC6E8288,Mamaearth Ubtan Face Wash with Turmeric & Saffron (100ml),Personal Care,40.0,34.0
8A157335,"JK Copier Paper A4 Size (500 Sheets, 75 GSM)",Books & Stationery,250.0,212.5
56E0E67E,"Philips Daily Collection Mixer Grinder (750W, 3 Jars, White/Purple)",Home & Kitchen,40.0,34.0
C27F73F3,Mamaearth Ubtan Face Wash with Turmeric & Saffron (400ml),Personal Care,40.0,34.0
F5596A17,"Pampers Premium Care Pants Diapers (Medium, 76 Count)",Toys & Baby Products,250.0,212.5
BFDC7C17,Himalaya Purifying Neem Face Wash (100ml),Personal Care,500.0,425.0
3D4BEF80,Dove Intense Repair Shampoo (100ml),Personal Care,40.0,34.0
817E5CA7,"Optimum Nutrition (ON) Gold Standard 100% Whey Protein Powder (2 lbs, Double Rich Chocolate)",Sports & Fitness,399.0,339.15
F8F126F9,"Optimum Nutrition (ON) Gold Standard 100% Whey Protein Powder (2 lbs, Double Rich Chocolate)",Sports & Fitness,2499.0,2124.15
87C973B3,"LG 6.5 Kg Top Load Washing Machine (Smart Inverter, Middle Free Silver)",Electronics,15000.0,12750.0
6DA010E9,Aashirvaad Select Sharbati Atta (100g),Food & Grocery,500.0,425.0
3763CD61,Dove Intense Repair Shampoo (50ml),Personal Care,500.0,425.0
7F98D6AB,"Pampers Premium Care Pants Diapers (Medium, 76 Count)",Toys & Baby Products,500.0,425.0
4C0BC27C,"Pampers Premium Care Pants Diapers (Medium, 76 Count)",Toys & Baby Products,40.0,34.0
96A22E8D,"Levi's Men's 511 Slim Fit Jeans (Maroon, L)",Clothing & Apparel,399.0,339.15
F57986DA,Mamaearth Ubtan Face Wash with Turmeric & Saffron (650ml),Personal Care,40.0,34.0
F6F1B426,Himalaya Purifying Neem Face Wash (50ml),Personal Care,250.0,212.5
559B0E73,"Wipro Garnet 12W LED Batten (Cool Day Light, Pack of 2)",Electronics,15000.0,12750.0
E0A75B35,Objective General English by S.P. Bakshi (Arihant Publications),Books & Stationery,500.0,425.0
9936095A,LuvLap Sunshine Baby Stroller (Blue),Toys & Baby Products,250.0,212.5
CE2C89C0,"Philips Avent Natural Feeding Bottle (260ml, Pack of 2)",Toys & Baby Products,250.0,212.5
5C38AB24,"Levi's Men's 511 Slim Fit Jeans (Pink, S)",Clothing & Apparel,2499.0,2124.15
5F469E24,"FabIndia Men's Cotton Full Sleeve Blue Kurta (Maroon, XL)",Clothing & Apparel,999.0,849.15
B96FE47B,"JK Copier Paper A4 Size (500 Sheets, 75 GSM)",Books & Stationery,250.0,212.5
7500E6E8,"Levi's Men's 511 Slim Fit Jeans (Black, M)",Clothing & Apparel,2499.0,2124.15
9D082782,Asian Paints TruCare Wall Putty (5kg),Home & Kitchen,500.0,425.0
88BBDA84,Himalaya Purifying Neem Face Wash (50ml),Personal Care,500.0,425.0
1780357D,Aashirvaad Select Sharbati Atta (2kg),Food & Grocery,500.0,425.0
E8D8C12B,HP DeskJet 2331 All-in-One Inkjet Colour Printer,Books & Stationery,250.0,212.5
41AB2DCF,"Levi's Men's 511 Slim Fit Jeans (Pink, M)",Clothing & Apparel,399.0,339.15
3748B730,boAt Airdopes 141 True Wireless Earbuds (Black),Electronics,15000.0,12750.0
C92D2900,"Levi's Men's 511 Slim Fit Jeans (Teal, XL)",Clothing & Apparel,999.0,849.15
CF7D94EB,"FabIndia Men's Cotton Full Sleeve Blue Kurta (Pink, S)",Clothing & Apparel,399.0,339.15
F9F1B6F7,Dove Intense Repair Shampoo (500ml),Personal Care,250.0,212.5
B9962B08,L'Oreal Paris Total Repair 5 Conditioner (192.5ml),Personal Care,500.0,425.0
E5DA28BB,Maggi 2-Minute Instant Noodles Masala (Pack of 12),Food & Grocery,250.0,212.5
7A1E0063,"FabIndia Men's Cotton Full Sleeve Blue Kurta (Black, S)",Clothing & Apparel,399.0,339.15
DBB85BAA,"Philips Daily Collection Mixer Grinder (750W, 3 Jars, White/Purple)",Home & Kitchen,40.0,34.0
387A5614,"FabIndia Men's Cotton Full Sleeve Blue Kurta (Green, XXL)",Clothing & Apparel,2499.0,2124.15
198D0212,"Wipro Garnet 12W LED Batten (Cool Day Light, Pack of 2)",Electronics,2000.0,1700.0
166C750C,Prestige Svachh Nakshatra Aluminium Pressure Cooker (2 Litre),Home & Kitchen,500.0,425.0
E7289E17,Aashirvaad Select Sharbati Atta (5kg Pack),Food & Grocery,250.0,212.5
9103C1A0,"HP 15s Laptop (Ryzen 5, 6GB RAM, 512GB Storage, Silver)",Electronics,15000.0,12750.0
F9A359F6,"Classmate Pulse Spiral Notebook (Unruled, 180 Pages, Pack of 6)",Books & Stationery,500.0,425.0
1729D2B1,Asian Paints TruCare Wall Putty (5kg),Home & Kitchen,40.0,34.0
99591380,Mamaearth Ubtan Face Wash with Turmeric & Saffron (400ml),Personal Care,250.0,212.5
073625A5,Himalaya Purifying Neem Face Wash (200ml),Personal Care,250.0,212.5
D05C8F73,"Samsung Galaxy M34 5G (Prism Silver, 8GB RAM, 512GB Storage)",Electronics,15000.0,12750.0
40C851B4,boAt Airdopes 141 True Wireless Earbuds (Pink),Electronics,2000.0,1700.0
6102456A,Strauss Adjustable Hand Grip Strengthener,Sports & Fitness,999.0,849.15
8885D92A,Amrutanjan Pain Balm Extra Power (50ml),Personal Care,250.0,212.5
730A9B3B,"Levi's Men's 511 Slim Fit Jeans (Yellow, XL)",Clothing & Apparel,399.0,339.15
3CF92294,Asian Paints TruCare Wall Putty (5kg),Home & Kitchen,40.0,34.0
57F600B7,"Fast&Up Charge Vitamin C & Zinc Effervescent Tablets (Orange, 60 Tablets)",Sports & Fitness,999.0,849.15
516F5A43,"Philips Avent Natural Feeding Bottle (260ml, Pack of 2)",Toys & Baby Products,40.0,34.0
925B491C,"Levi's Men's 511 Slim Fit Jeans (White, M)",Clothing & Apparel,2499.0,2124.15
C98A1B2D,Wipro Smart LED Bulb 9W (Tunable White + RGB),Electronics,15000.0,12750.0
E7F6A5B4,Sony WH-1000XM5 Wireless Noise Cancelling Headphones (Black),Electronics,45000.0,38250.0
1A2B3C4E,"Peter England Men's Formal Shirt (Solid Blue, Size L)",Clothing & Apparel,999.0,849.15
F5E4D3C2,"Aurelia Women's Printed Kurta (Pink, Size M)",Clothing & Apparel,999.0,849.15
B1A9C8D7,Tata Sampann Turmeric Powder (Haldi) (500g Pouch),Food & Grocery,40.0,34.0
6E5F4A3B,Britannia Good Day Cashew Cookies (200g Pack),Food & Grocery,40.0,34.0
9D8C7B6A,"Wonderchef Nutri-Blend Compact Mixer Grinder (400W, 2 Jars, Black)",Home & Kitchen,250.0,212.5
4A3B2C1D,"Wakefit Orthopedic Memory Foam Mattress (Queen Size, 6 inch)",Home & Kitchen,500.0,425.0
F0E9D8C7,Nivea Men Fresh Active Deodorant Roll-On (50ml),Personal Care,40.0,34.0
B6A5F4E3,Biotique Bio Morning Nectar Flawless Skin Lotion (120ml),Personal Care,250.0,212.5
2C1D9B8A,The Alchemist by Paulo Coelho,Books & Stationery,40.0,34.0
7A6B5C4D,"Camel Artist Water Colour Tubes (12 Shades, 5ml each)",Books & Stationery,40.0,34.0
E3D2C1B9,"Yonex Mavis 350 Nylon Shuttlecock (Pack of 6, Yellow)",Sports & Fitness,999.0,849.15
A8B7C6D5,"MuscleBlaze Whey Gold Protein (1kg, Rich Milk Chocolate)",Sports & Fitness,2499.0,2124.15
F4E3A2B1,Hot Wheels Basic Car Assortment (Styles May Vary),Toys & Baby Products,40.0,34.0
9C8D7E6F,Himalaya Baby Powder (400g),Toys & Baby Products,40.0,34.0
5A4B3C2D,"Redmi 12 5G (Jade Black, 6GB RAM, 128GB Storage)",Electronics,15000.0,12750.0
E1F9A8B7,"IFB 30 L Convection Microwave Oven (30BRC2, Black)",Electronics,45000.0,38250.0
C6D5E4F3,"Allen Solly Men's Polo T-Shirt (Red, Size M)",Clothing & Apparel,999.0,849.15
B2A1C9D8,"W for Woman Printed Flared Kurta (Blue, Size L)",Clothing & Apparel,2499.0,2124.15
7E6F5A4B,Quaker Oats Porridge (1kg Jar),Food & Grocery,250.0,212.5
D3C2B1A9,Parle Hide & Seek Chocolate Chip Cookies (120g),Food & Grocery,40.0,34.0
A8B7C6D5,"Borosil Glass Lunch Box Set (3 Containers, 320ml each, Blue Bag)",Home & Kitchen,250.0,212.5
F4E3A2B1,Nilkamal Freedom Mini Small (FMS) Plastic Cabinet (Weather Brown),Home & Kitchen,40.0,34.0
9C8D7E6F,Garnier Men Acno Fight Face Wash (100g),Personal Care,40.0,34.0
5A4B3C2D,Ponds Super Light Gel Moisturizer (100ml),Personal Care,40.0,34.0
E1F9A8B7,Atomic Habits by James Clear,Books & Stationery,250.0,212.5
C6D5E4F3,Faber-Castell Connector Pen Set (Pack of 25),Books & Stationery,250.0,212.5
B2A1C9D8,Cosco Light 75 Badminton Racket,Sports & Fitness,399.0,339.15
7E6F5A4B,"Dymatize Elite 100% Whey Protein (5 lbs, Gourmet Vanilla)",Sports & Fitness,2499.0,2124.15
D3C2B1A9,Fisher-Price Rock-a-Stack Toy,Toys & Baby Products,250.0,212.5
A8B7C6D5,"Johnson's Baby Soap (100g, Pack of 4)",Toys & Baby Products,40.0,34.0
F4E3A2B1,"OnePlus Nord CE 4 (Celadon Marble, 8GB RAM, 256GB Storage)",Electronics,15000.0,12750.0
9C8D7E6F,"Bajaj Rex 500W Mixer Grinder (3 Jars, White)",Home & Kitchen,40.0,34.0
5A4B3C2D,"Biba Women's Anarkali Kurta Set (Red, Size M)",Clothing & Apparel,2499.0,2124.15
E1F9A8B7,"Van Heusen Men's Slim Fit Formal Trousers (Grey, Size 32)",Clothing & Apparel,999.0,849.15
C6D5E4F3,Kellogg's Chocos Moons & Stars (375g Box),Food & Grocery,250.0,212.5
B2A1C9D8,Sunfeast Dark Fantasy Choco Fills (75g Pack),Food & Grocery,40.0,34.0
7E6F5A4B,"Milton Thermosteel Flip Lid Flask (1000ml, Silver)",Home & Kitchen,250.0,212.5
D3C2B1A9,Cello Novelty Big Fairy Cupboard,Home & Kitchen,250.0,212.5
A8B7C6D5,Mamaearth Mineral Based Sunscreen for Babies (50ml),Toys & Baby Products,500.0,425.0
F4E3A2B1,Cetaphil Gentle Skin Cleanser (250ml),Personal Care,250.0,212.5
9C8D7E6F,Ikigai: The Japanese Secret to a Long and Happy Life,Books & Stationery,40.0,34.0
5A4B3C2D,Parker Vector Standard Roller Ball Pen (Blue Ink),Books & Stationery,40.0,34.0
E1F9A8B7,SG Kashmir Willow Cricket Bat (Full Size),Sports & Fitness,999.0,849.15
C6D5E4F3,"GNC Pro Performance 100% Whey Protein (2kg, Chocolate Fudge)",Sports & Fitness,999.0,849.15
B2A1C9D8,"Mee Mee Caring Baby Wet Wipes with Aloe Vera (72 Wipes, Pack of 3)",Toys & Baby Products,40.0,34.0
7E6F5A4B,Chicco Cortina CX Stroller (Grey),Toys & Baby Products,500.0,425.0
D3C2B1A9,"Samsung Galaxy Tab S9 FE (Wi-Fi, 128GB, Gray)",Electronics,45000.0,38250.0
A8B7C6D5,Eureka Forbes Aquaguard Aura Water Purifier (RO+UV+MTDS),Electronics,45000.0,38250.0
F4E3A2B1,"Levi's Women's 711 Skinny Fit Jeans (Dark Blue, Size 28)",Clothing & Apparel,2499.0,2124.15
9C8D7E6F,"Raymond Men's Unstitched Trouser Fabric (Poly Viscose, Grey)",Clothing & Apparel,999.0,849.15
5A4B3C2D,Cadbury Bournvita Health Drink (1kg Jar),Food & Grocery,250.0,212.5
E1F9A8B7,Lays India's Magic Masala Potato Chips (52g Pack),Food & Grocery,40.0,34.0
C6D5E4F3,Pigeon by Stovekraft Cruise 1800W Induction Cooktop (Black),Home & Kitchen,40.0,34.0
B2A1C9D8,@home by Nilkamal Aster Wooden King Size Bed (Wenge Finish),Home & Kitchen,500.0,425.0
7E6F5A4B,Vaseline Intensive Care Deep Moisture Body Lotion (400ml),Personal Care,40.0,34.0
D3C2B1A9,Parachute Advansed Gold Coconut Hair Oil (400ml),Personal Care,40.0,34.0
A8B7C6D5,Sapiens: A Brief History of Humankind by Yuval Noah Harari,Books & Stationery,250.0,212.5
F4E3A2B1,"DOMS Colour Pencil Set (12 Shades, Full Size)",Books & Stationery,40.0,34.0
9C8D7E6F,Nivia Heavy Weight Skipping Rope,Sports & Fitness,399.0,339.15
5A4B3C2D,"BigMuscles Nutrition Premium Gold Whey (1kg, Belgian Chocolate)",Sports & Fitness,999.0,849.15
E1F9A8B7,LuvLap Baby Diaper Rash Cream (50g),Toys & Baby Products,250.0,212.5
C6D5E4F3,Graco Extend2Fit Convertible Car Seat,Toys & Baby Products,500.0,425.0
B2A1C9D8,"Apple iPad Air (5th Generation, Wi-Fi, 64GB, Space Gray)",Electronics,45000.0,38250.0
7E6F5A4B,"Voltas Beko 8 Place Settings Table Top Dishwasher (DT8S, Silver)",Electronics,45000.0,38250.0
D3C2B1A9,"United Colors of Benetton Men's Cotton T-Shirt (Green, Size L)",Clothing & Apparel,999.0,849.15
A8B7C6D5,"Global Desi Women's Printed Maxi Dress (Multicolour, Size M)",Clothing & Apparel,2499.0,2124.15
F4E3A2B1,"Nestle Cerelac Fortified Baby Cereal (Wheat Apple Cherry, Stage 1, 300g)",Food & Grocery,250.0,212.5
9C8D7E6F,Oreo Original Chocolatey Sandwich Biscuits (120g),Food & Grocery,40.0,34.0
5A4B3C2D,"Preethi Zodiac MG-218 Mixer Grinder (750W, 5 Jars, Black/Light Grey)",Home & Kitchen,500.0,425.0
E1F9A8B7,Durian Magnum Leatherette 3 Seater Sofa (Brown),Home & Kitchen,500.0,425.0
C6D5E4F3,WOW Skin Science Apple Cider Vinegar Shampoo (300ml),Personal Care,250.0,212.5
B2A1C9D8,Dabur Amla Hair Oil (550ml),Personal Care,40.0,34.0
7E6F5A4B,Think and Grow Rich by Napoleon Hill,Books & Stationery,40.0,34.0
D3C2B1A9,Camlin Kokuyo Sketch Pen Set (12 Shades),Books & Stationery,40.0,34.0
A8B7C6D5,"Reebok Zig Kinetica Running Shoes (Men's, Black/Red, Size 9 UK)",Sports & Fitness,2499.0,2124.15
F4E3A2B1,"Optimum Nutrition (ON) Micronized Creatine Powder (300g, Unflavored)",Sports & Fitness,999.0,849.15
9C8D7E6F,"Libero Open Baby Diapers (Newborn, 24 Count)",Toys & Baby Products,250.0,212.5
5A4B3C2D,R for Rabbit Jack N Jill Grand Convertible Car Seat (Group 1-2-3),Toys & Baby Products,250.0,212.5
E1F9A8B7,Boat Rockerz 450 Wireless Bluetooth On-Ear Headphones (Luscious Black),Electronics,2000.0,1700.0
C6D5E4F3,Kent Grand Plus RO+UV+UF+TDS Water Purifier,Electronics,45000.0,38250.0
B2A1C9D8,"AND Women Solid Regular Fit Top (Yellow, Size S)",Clothing & Apparel,999.0,849.15
7E6F5A4B,"Arrow Men's Checkered Formal Shirt (White & Blue, Size M)",Clothing & Apparel,2499.0,2124.15
D3C2B1A9,"Saffola Masala Oats (Classic Masala, 500g Pouch)",Food & Grocery,40.0,34.0
A8B7C6D5,Bingo! Mad Angles Achaari Masti (72.5g Pack),Food & Grocery,40.0,34.0
F4E3A2B1,"Butterfly Jet Elite Mixer Grinder (750W, 4 Jars, Grey)",Home & Kitchen,250.0,212.5
9C8D7E6F,"Godrej Interio Slimline Steel Almirah (2 Door, Maroon)",Home & Kitchen,500.0,425.0
5A4B3C2D,MCaffeine Naked & Raw Coffee Body Scrub (100g),Personal Care,250.0,212.5
E1F9A8B7,Indulekha Bringha Ayurvedic Hair Oil (100ml),Personal Care,500.0,425.0
C6D5E4F3,The Monk Who Sold His Ferrari by Robin Sharma,Books & Stationery,40.0,34.0
B2A1C9D8,Apsara Platinum Extra Dark Pencils (Pack of 10),Books & Stationery,40.0,34.0
7E6F5A4B,"Strauss Yoga Mat (6mm Thick, Anti-Skid, Blue)",Sports & Fitness,999.0,849.15
D3C2B1A9,"AS-IT-IS Nutrition Whey Protein Concentrate 80% (1kg, Unflavoured)",Sports & Fitness,399.0,339.15
A8B7C6D5,"Huggies Wonder Pants Diapers (Large, 50 Count)",Toys & Baby Products,250.0,212.5
F4E3A2B1,Babyhug Cosy Rider Baby Stroller Cum Pram (Red),Toys & Baby Products,250.0,212.5
9C8D7E6F,JBL Tune 510BT Wireless On-Ear Headphones (Black),Electronics,15000.0,12750.0
5A4B3C2D,Livpure Glo Star RO+UV+UF Water Purifier,Electronics,15000.0,12750.0
E1F9A8B7,"Fabindia Women Silk Blend Straight Kurta (Maroon, Size L)",Clothing & Apparel,2499.0,2124.15
C6D5E4F3,"Blackberrys Men Slim Fit Solid Formal Shirt (Light Blue, Size 40)",Clothing & Apparel,2499.0,2124.15
B2A1C9D8,MTR 3 Minute Breakfast Poha (60g Cup),Food & Grocery,40.0,34.0
7E6F5A4B,Too Yumm! Karare Peanuts Tangy Twist (80g Pack),Food & Grocery,40.0,34.0
D3C2B1A9,Havells Ambrogio 1200mm Ceiling Fan (Pearl White),Home & Kitchen,250.0,212.5
A8B7C6D5,Urban Ladder Apollo Engineered Wood Study Table (Walnut Finish),Home & Kitchen,250.0,212.5
F4E3A2B1,The Man Company Charcoal Face Wash (100ml),Personal Care,250.0,212.5
9C8D7E6F,Minimalist 10% Vitamin C Face Serum (30ml),Personal Care,500.0,425.0
5A4B3C2D,Rich Dad's Cashflow Quadrant by Robert T. Kiyosaki,Books & Stationery,250.0,212.5
E1F9A8B7,Staedtler Luna Water Colour Pencils (Set of 24),Books & Stationery,250.0,212.5
C6D5E4F3,Li-Ning Turbo X 80 III Badminton Racket,Sports & Fitness,999.0,849.15
B2A1C9D8,"Myprotein Creatine Monohydrate Powder (250g, Unflavored)",Sports & Fitness,399.0,339.15
7E6F5A4B,"Little's Soft Cleansing Baby Wipes (80 Wipes, Pack of 3)",Toys & Baby Products,40.0,34.0
D3C2B1A9,Chicco KeyFit 30 Infant Car Seat (Orion),Toys & Baby Products,500.0,425.0
A8B7C6D5,Noise ColorFit Pulse Grand Smartwatch (Jet Black),Electronics,2000.0,1700.0
F4E3A2B1,AO Smith Z9 Green RO Water Purifier,Electronics,45000.0,38250.0
9C8D7E6F,"Puma Men's Regular Fit Polo Shirt (Black, Size L)",Clothing & Apparel,999.0,849.15
5A4B3C2D,"Soch Women Embroidered Straight Kurta (Navy Blue, Size M)",Clothing & Apparel,2499.0,2124.15
E1F9A8B7,ID Fresho Idli Dosa Batter (1kg Pouch),Food & Grocery,40.0,34.0
C6D5E4F3,Haldiram's Bhujia Sev (1kg Pouch),Food & Grocery,250.0,212.5
B2A1C9D8,Usha Striker Galaxy 1200mm Ceiling Fan (Metallic Ivory),Home & Kitchen,40.0,34.0
7E6F5A4B,Pepperfry Mint Engineered Wood Shoe Rack (Wenge Finish),Home & Kitchen,250.0,212.5
D3C2B1A9,Beardo Godfather Beard Oil (30ml),Personal Care,250.0,212.5
A8B7C6D5,Neutrogena Hydro Boost Water Gel (50g),Personal Care,500.0,425.0
F4E3A2B1,The 7 Habits of Highly Effective People by Stephen Covey,Books & Stationery,250.0,212.5
9C8D7E6F,"Pilot V5 Hi-Tecpoint Pen (0.5mm, Black, Pack of 3)",Books & Stationery,40.0,34.0
5A4B3C2D,Kookaburra Kahuna Pro Players Cricket Bat (English Willow),Sports & Fitness,2499.0,2124.15
E1F9A8B7,"MuscleTech Nitro-Tech Whey Gold (5.5 lbs, Double Rich Chocolate)",Sports & Fitness,2499.0,2124.15
C6D5E4F3,Mothercare All We Know Baby Powder (300g),Toys & Baby Products,250.0,212.5
B2A1C9D8,"Joie Stages Convertible Car Seat (Group 0+/1/2, Slate)",Toys & Baby Products,500.0,425.0
7E6F5A4B,"Fire-Boltt Ninja Call Pro Plus Smartwatch (1.83"" Display, Black)",Electronics,2000.0,1700.0
D3C2B1A9,Pureit Advanced Max RO+UV+MF Water Purifier,Electronics,15000.0,12750.0
A8B7C6D5,"Tommy Hilfiger Men Cotton Blend Polo T-Shirt (Navy, Size M)",Clothing & Apparel,2499.0,2124.15
F4E3A2B1,"Libas Women Rayon Printed Straight Kurta (Green, Size XL)",Clothing & Apparel,399.0,339.15
9C8D7E6F,Mother Dairy Classic Curd (400g Cup),Food & Grocery,40.0,34.0
5A4B3C2D,Balaji Chataka Pataka Tangy Tomato Flavour (50g Pack),Food & Grocery,40.0,34.0
E1F9A8B7,Orient Electric Apex-FX 1200mm Ceiling Fan (Brown),Home & Kitchen,40.0,34.0
C6D5E4F3,"Nilkamal Eeezy Go Plastic Stool (Set of 2, Red)",Home & Kitchen,40.0,34.0
B2A1C9D8,Khadi Natural Ayurvedic Sandalwood & Honey Face Wash (210ml),Personal Care,40.0,34.0
7E6F5A4B,Biotique Bio Bhringraj Therapeutic Hair Oil (120ml),Personal Care,250.0,212.5
D3C2B1A9,Who Will Cry When You Die? by Robin Sharma,Books & Stationery,40.0,34.0
A8B7C6D5,"Reynolds Trimax Gold Liquid Ink Pen (Blue, Pack of 1)",Books & Stationery,40.0,34.0
F4E3A2B1,SS Ton Kashmir Willow Cricket Bat (Size SH),Sports & Fitness,999.0,849.15
9C8D7E6F,"Scivation Xtend BCAA Powder (30 Servings, Blue Raspberry)",Sports & Fitness,2499.0,2124.15
5A4B3C2D,Sebamed Baby Cleansing Bar (100g),Toys & Baby Products,250.0,212.5
E1F9A8B7,LuvLap Galaxy Stroller Extra Large Seating Space (Black),Toys & Baby Products,500.0,425.0
C6D5E4F3,Amazon Echo Dot (5th Gen) Smart Speaker with Alexa (Charcoal),Electronics,15000.0,12750.0
B2A1C9D8,"Prestige Iris Plus 750W Mixer Grinder (4 Jars, Black)",Home & Kitchen,250.0,212.5
7E6F5A4B,"W Women Printed A-Line Kurta (Yellow, Size S)",Clothing & Apparel,999.0,849.15
D3C2B1A9,"Park Avenue Men's Slim Fit Formal Trousers (Black, Size 34)",Clothing & Apparel,999.0,849.15
A8B7C6D5,Tata Tea Gold (1kg Pouch),Food & Grocery,250.0,212.5
F4E3A2B1,Kurkure Masala Munch Crisps (90g Pack),Food & Grocery,40.0,34.0
9C8D7E6F,Bajaj New Shakti Neo 15L Storage Water Heater (White),Home & Kitchen,250.0,212.5
5A4B3C2D,RoyalOak Milan Engineered Wood Queen Size Bed (Dark Walnut),Home & Kitchen,250.0,212.5
E1F9A8B7,Nivea Soft Light Moisturizing Cream (200ml),Personal Care,40.0,34.0
C6D5E4F3,Bajaj Almond Drops Hair Oil (300ml),Personal Care,40.0,34.0
B2A1C9D8,The Power of Your Subconscious Mind by Joseph Murphy,Books & Stationery,40.0,34.0
7E6F5A4B,"Cello Butterflow Ball Pen (Pack of 10, Blue)",Books & Stationery,40.0,34.0
D3C2B1A9,"Adidas Oceaunz League Football (Size 5, White/Blue)",Sports & Fitness,2499.0,2124.15
A8B7C6D5,"GNC AMP Gold Series BCAA Advanced (400g, Blue Raspberry)",Sports & Fitness,2499.0,2124.15
F4E3A2B1,"Chicco Natural Feeling Well-Being Feeding Bottle (150ml, 0m+)",Toys & Baby Products,250.0,212.5
9C8D7E6F,"MamyPoko Pants Extra Absorb Diapers (Small, 76 Count)",Toys & Baby Products,40.0,34.0
5A4B3C2D,"Sony Bravia 55 inches 4K Ultra HD Smart LED Google TV (KD-55X74K, Black)",Electronics,45000.0,38250.0
E1F9A8B7,"Sujata Dynamix DX Mixer Grinder (900W, 3 Jars, White)",Home & Kitchen,500.0,425.0
C6D5E4F3,"Rangriti Women Cotton Printed Straight Kurta (Orange, Size L)",Clothing & Apparel,399.0,339.15
B2A1C9D8,"Louis Philippe Men's Regular Fit Formal Shirt (Pink, Size 42)",Clothing & Apparel,2499.0,2124.15
7E6F5A4B,Bru Instant Coffee Powder (200g Pouch),Food & Grocery,40.0,34.0
D3C2B1A9,Doritos Nacho Cheese Flavored Tortilla Chips (150g Pack),Food & Grocery,250.0,212.5
A8B7C6D5,Crompton Arno Neo 25-L Storage Water Heater (White),Home & Kitchen,250.0,212.5
F4E3A2B1,"Sleepyhead Original - 3 Layered Orthopedic Memory Foam Mattress (King Size, 8 inch)",Home & Kitchen,500.0,425.0
9C8D7E6F,Himalaya Herbals Gentle Exfoliating Apricot Scrub (100g),Personal Care,40.0,34.0
5A4B3C2D,WOW Skin Science Onion Black Seed Hair Oil (200ml),Personal Care,250.0,212.5
E1F9A8B7,How to Win Friends and Influence People by Dale Carnegie,Books & Stationery,40.0,34.0
C6D5E4F3,Natraj 621 Bold Pencils (Pack of 10),Books & Stationery,40.0,34.0
B2A1C9D8,"Vector X Striker Football Shoes (Men's, Blue/Orange, Size 8 UK)",Sports & Fitness,399.0,339.15
7E6F5A4B,"MusclePharm Combat 100% Whey Protein (5 lbs, Chocolate Milk)",Sports & Fitness,2499.0,2124.15
D3C2B1A9,Pigeon Baby Feeding Bottle with Spoon (120ml),Toys & Baby Products,250.0,212.5
A8B7C6D5,"Supples Baby Pants Diapers (Medium, 72 Count)",Toys & Baby Products,40.0,34.0
F4E3A2B1,"LG 43 inches Full HD Smart LED TV (43LM5650PTA, Dark Iron Gray)",Electronics,15000.0,12750.0
9C8D7E6F,"Bosch TrueMixx Pro Mixer Grinder (1000W, 4 Jars, Black)",Home & Kitchen,500.0,425.0
5A4B3C2D,"Aurelia Women Cotton Blend Printed Kurta (Teal, Size XL)",Clothing & Apparel,999.0,849.15
E1F9A8B7,"Peter England Elite Men's Slim Fit Formal Shirt (White, Size 39)",Clothing & Apparel,2499.0,2124.15
C6D5E4F3,Taj Mahal Tea (500g Carton),Food & Grocery,500.0,425.0
B2A1C9D8,Uncle Chipps Spicy Treat Potato Chips (60g Pack),Food & Grocery,40.0,34.0
7E6F5A4B,V-Guard Victo 15 Litre Water Heater (White),Home & Kitchen,250.0,212.5
D3C2B1A9,"Wakefit Hollow Fibre Pillow Set (Set of 2, White, 27x16 Inch)",Home & Kitchen,40.0,34.0
A8B7C6D5,Lotus Herbals Safe Sun UV Screen Matte Gel SPF 50 (100g),Personal Care,250.0,212.5
F4E3A2B1,Kesh King Ayurvedic Anti Hairfall Hair Oil (100ml),Personal Care,250.0,212.5
9C8D7E6F,The Intelligent Investor by Benjamin Graham,Books & Stationery,250.0,212.5
5A4B3C2D,"Flair Writometer Ball Pen (Pack of 10, Blue)",Books & Stationery,40.0,34.0
E1F9A8B7,Cosco CB-80 Badminton Feather Shuttlecock (Pack of 10),Sports & Fitness,399.0,339.15
C6D5E4F3,"BSN Syntha-6 Protein Powder (5 lbs, Chocolate Milkshake)",Sports & Fitness,2499.0,2124.15
B2A1C9D8,"Himalaya Gentle Baby Wipes (72 Wipes, Pack of 2)",Toys & Baby Products,40.0,34.0
7E6F5A4B,"Mee Mee Premium Baby Stroller Pram with Rocker (MM-22, Navy Blue)",Toys & Baby Products,500.0,425.0
D3C2B1A9,JBL Flip 5 Waterproof Portable Bluetooth Speaker (Black),Electronics,45000.0,38250.0
A8B7C6D5,"Philips HD9252/90 Air Fryer (4.1 Litre, Digital Display, Black)",Home & Kitchen,500.0,425.0
F4E3A2B1,"Forever 21 Women Ribbed Crop Top (White, Size S)",Clothing & Apparel,399.0,339.15
9C8D7E6F,"Van Heusen Sport Men's Slim Fit Casual Shirt (Checkered, Blue, Size L)",Clothing & Apparel,999.0,849.15
5A4B3C2D,Kissan Fresh Tomato Ketchup (950g Bottle),Food & Grocery,40.0,34.0
E1F9A8B7,Britannia NutriChoice Digestive Biscuits (1kg Pack),Food & Grocery,250.0,212.5
C6D5E4F3,AO Smith EWS-3 Glass Lined 3 Litre Instant Water Heater,Home & Kitchen,500.0,425.0
B2A1C9D8,"Duroflex LiveIn - Pressure Relieving Memory Foam Mattress (Single Size, 6 inch)",Home & Kitchen,250.0,212.5
7E6F5A4B,Plum Green Tea Pore Cleansing Face Wash (75ml),Personal Care,250.0,212.5
D3C2B1A9,Mamaearth Onion Hair Oil for Hair Regrowth and Hair Fall Control (150ml),Personal Care,250.0,212.5
A8B7C6D5,Zero to One by Peter Thiel,Books & Stationery,250.0,212.5
F4E3A2B1,"Unomax Ultron Neo 2x Ball Pen (Pack of 10, Blue)",Books & Stationery,40.0,34.0
9C8D7E6F,"SG Club Leather Cricket Ball (Red, Pack of 1)",Sports & Fitness,999.0,849.15
5A4B3C2D,"BPI Sports Best BCAA Powder (30 Servings, Fruit Punch)",Sports & Fitness,2499.0,2124.15
E1F9A8B7,"Philips Avent Anti-colic Baby Bottle (260ml, Pack of 1, 1m+)",Toys & Baby Products,250.0,212.5
C6D5E4F3,"Pampers Active Baby Diapers (Large, 64 Count)",Toys & Baby Products,250.0,212.5
B2A1C9D8,"OnePlus 50 inches Y Series 4K Ultra HD Smart Android LED TV (50Y1S Pro, Black)",Electronics,15000.0,12750.0
7E6F5A4B,Panasonic NN-CT645BFDG 27L Convection Microwave Oven (Black Mirror),Electronics,45000.0,38250.0
D3C2B1A9,"U.S. Polo Assn. Men's Solid Regular Fit Polo Shirt (White, Size XL)",Clothing & Apparel,999.0,849.15
A8B7C6D5,"Lakshita Women Floral Print A-Line Kurta (Peach, Size M)",Clothing & Apparel,2499.0,2124.15
F4E3A2B1,Veeba Thousand Island Dressing (300g Bottle),Food & Grocery,250.0,212.5
9C8D7E6F,McVities Digestive Biscuits (400g Pack),Food & Grocery,250.0,212.5
5A4B3C2D,Racold Omnis Wi-Fi 25 Litres Vertical 5 Star Storage Water Heater (White),Home & Kitchen,500.0,425.0
E1F9A8B7,"The Sleep Company SmartGRID Ortho Mattress (Queen Size, 6 Inch)",Home & Kitchen,500.0,425.0
C6D5E4F3,Biotique Bio Papaya Revitalizing Tan Removal Scrub (75g),Personal Care,40.0,34.0
B2A1C9D8,Forest Essentials Intensive Hair Repair Masque Japapatti & Brahmi (200g),Personal Care,500.0,425.0
7E6F5A4B,Man's Search for Meaning by Viktor E. Frankl,Books & Stationery,40.0,34.0
D3C2B1A9,"Classmate Octane Gel Pen (Pack of 5, Blue)",Books & Stationery,40.0,34.0
A8B7C6D5,"MRF Genius Grand Edition Cricket Bat (English Willow, SH)",Sports & Fitness,2499.0,2124.15
F4E3A2B1,"ON (Optimum Nutrition) Gold Standard BCAA Train & Sustain (28 Servings, Strawberry Kiwi)",Sports & Fitness,2499.0,2124.15
9C8D7E6F,LuvLap Silicone Teether (Assorted Shape),Toys & Baby Products,40.0,34.0
5A4B3C2D,"Pampers Premium Care Pants (New Born, 48 Count)",Toys & Baby Products,500.0,425.0
E1F9A8B7,"Xiaomi Mi 32 inches 5A Series HD Ready Smart Android LED TV (L32M7-5AIN, Black)",Electronics,2000.0,1700.0
C6D5E4F3,Morphy Richards Europa 800W Espresso and Cappuccino Coffee Maker (Black),Home & Kitchen,500.0,425.0
B2A1C9D8,"Adidas Men's Tiro 23 Training Track Pants (Black, Size M)",Sports & Fitness,999.0,849.15
7E6F5A4B,"Anouk Women Printed Maxi Skirt (Yellow, Size L)",Clothing & Apparel,999.0,849.15
D3C2B1A9,FunFoods Peanut Butter Creamy (1kg Jar),Food & Grocery,250.0,212.5
A8B7C6D5,Unibic Choco Chip Cookies (500g Tin),Food & Grocery,250.0,212.5
F4E3A2B1,Havells Instanio 3-Litre Instant Geyser (White Blue),Home & Kitchen,250.0,212.5
9C8D7E6F,Godrej Interio Motion High Back Ergonomic Chair (Black),Home & Kitchen,500.0,425.0
5A4B3C2D,UrbanGabru CharCoal Peel Off Mask (60g),Personal Care,40.0,34.0
E1F9A8B7,L'Oreal Paris Extraordinary Oil Serum (100ml),Personal Care,250.0,212.5
C6D5E4F3,As a Man Thinketh by James Allen,Books & Stationery,40.0,34.0
B2A1C9D8,DOMS Groove Retractable Eraser (Pack of 5),Books & Stationery,40.0,34.0
7E6F5A4B,Gray Nicolls GN5 Players Edition Cricket Bat (English Willow),Sports & Fitness,2499.0,2124.15
D3C2B1A9,"Evogen Nutrition Isoject Whey Isolate (1.6 lbs, Vanilla Bean)",Sports & Fitness,2499.0,2124.15
A8B7C6D5,Chicco Pocket Snack Booster Seat (Mandarin),Toys & Baby Products,250.0,212.5
F4E3A2B1,"Huggies Complete Comfort Wonder Pants (Small, 86 Count)",Toys & Baby Products,40.0,34.0
9C8D7E6F,"Samsung 32 inches HD Ready Smart LED TV (UA32T4380AKXXL, Glossy Black)",Electronics,15000.0,12750.0
5A4B3C2D,Wonderchef Regalia Espresso Coffee Maker 15 Bar (Steel Grey),Home & Kitchen,500.0,425.0
E1F9A8B7,"Nike Men's Dri-FIT Academy Football Shorts (Black, Size M)",Sports & Fitness,999.0,849.15
C6D5E4F3,"FabAlley Women Georgette Floral Print Maxi Dress (Pink, Size S)",Clothing & Apparel,2499.0,2124.15
B2A1C9D8,Dr. Oetker FunFoods Classic Mayonnaise (875g Jar),Food & Grocery,250.0,212.5
7E6F5A4B,Parle Platina Hide & Seek Milano Chocolate Chip Cookies (75g),Food & Grocery,40.0,34.0
D3C2B1A9,Bajaj Majesty DX 6 1000W Dry Iron (White/Blue),Home & Kitchen,40.0,34.0
A8B7C6D5,Wipro Furniture Arena High Back Mesh Ergonomic Office Chair (Black),Home & Kitchen,250.0,212.5
F4E3A2B1,Garnier Skin Naturals Micellar Cleansing Water (125ml),Personal Care,40.0,34.0
9C8D7E6F,WOW Skin Science Red Onion Black Seed Oil Shampoo (300ml),Personal Care,250.0,212.5
5A4B3C2D,The Secret by Rhonda Byrne,Books & Stationery,40.0,34.0
E1F9A8B7,"Luxor Pilot Hi-Techpoint 05 Pen (Blue, Pack of 10)",Books & Stationery,250.0,212.5
C6D5E4F3,"Nivia Encounter 2.0 Turf Football Shoes (Men's, Black/Fluo Green)",Sports & Fitness,999.0,849.15
B2A1C9D8,"Nakpro Platinum Whey Protein Isolate (1kg, Chocolate)",Sports & Fitness,399.0,339.15
7E6F5A4B,Fisher-Price Brilliant Basics Baby's First Blocks,Toys & Baby Products,250.0,212.5
D3C2B1A9,"Supples Baby Wet Wipes with Aloe Vera & Vitamin E (72 Wipes, Pack of 3)",Toys & Baby Products,40.0,34.0
A8B7C6D5,Noise Buds VS104 Truly Wireless Earbuds (Midnight Black),Electronics,2000.0,1700.0
F4E3A2B1,"Whirlpool 265 L 3 Star Frost-Free Double Door Refrigerator (IF INV CNV 278, German Steel)",Electronics,45000.0,38250.0
9C8D7E6F,"Jack & Jones Men's Slim Fit Jeans (Blue, Size 32)",Clothing & Apparel,2499.0,2124.15
5A4B3C2D,"Manyavar Men's Jacquard Kurta Pajama Set (Gold, Size L)",Clothing & Apparel,2499.0,2124.15
E1F9A8B7,Amul Mithai Mate Sweetened Condensed Milk (400g Tin),Food & Grocery,40.0,34.0
C6D5E4F3,Cadbury Dairy Milk Silk Chocolate Bar (150g),Food & Grocery,250.0,212.5
B2A1C9D8,Morphy Richards Daisy 1000W Dry Iron (Pink),Home & Kitchen,40.0,34.0
7E6F5A4B,Green Soul Monster Ultimate (T) Multi-Functional Ergonomic Gaming Chair (Black & Red),Home & Kitchen,500.0,425.0
D3C2B1A9,Clinique Moisture Surge 100H Auto-Replenishing Hydrator (50ml),Personal Care,500.0,425.0
A8B7C6D5,Kama Ayurveda Bringadi Intensive Hair Treatment Oil (100ml),Personal Care,500.0,425.0
F4E3A2B1,Autobiography of a Yogi by Paramahansa Yogananda,Books & Stationery,40.0,34.0
9C8D7E6F,"Pentonic B-RT Ball Point Pen (0.7mm, Blue, Pack of 10)",Books & Stationery,40.0,34.0
5A4B3C2D,"Wilson Roland Garros Triumph Tennis Racket (Adult, Strung)",Sports & Fitness,999.0,849.15
E1F9A8B7,"Labrada Muscle Mass Gainer (6.6 lbs, Chocolate)",Sports & Fitness,2499.0,2124.15
C6D5E4F3,"Dr. Brown's Options+ Anti-Colic Narrow Baby Bottle (250ml, Pack of 2)",Toys & Baby Products,500.0,425.0
B2A1C9D8,"Pampers Baby Dry Pants (Medium, 76 Count)",Toys & Baby Products,250.0,212.5
7E6F5A4B,"Vu 55 inches The GloLED Series 4K Smart LED Google TV (55GloLED, Grey)",Electronics,45000.0,38250.0
D3C2B1A9,"Inalsa Jazz Dx 780W Mixer Grinder (3 Jars, White/Grey)",Home & Kitchen,40.0,34.0
A8B7C6D5,"Puma Men's Essential Logo Sweatpants (Grey, Size L)",Clothing & Apparel,999.0,849.15
F4E3A2B1,"Melange by Lifestyle Women Embroidered Kurta with Palazzos (Pink, Size M)",Clothing & Apparel,999.0,849.15
9C8D7E6F,Mapro Kesar Syrup Sharbat (750ml Bottle),Food & Grocery,250.0,212.5
5A4B3C2D,"Cadbury Gems Chocolate Pack (Party Pack, 119g)",Food & Grocery,40.0,34.0
E1F9A8B7,Philips GC1905 1440W Steam Iron (Blue),Home & Kitchen,250.0,212.5
C6D5E4F3,Featherlite Amaze Project Medium Back Mesh Office Chair (Black),Home & Kitchen,250.0,212.5
B2A1C9D8,Cetaphil Moisturizing Lotion (250ml),Personal Care,250.0,212.5
7E6F5A4B,Mamaearth Argan Hair Mask (200ml),Personal Care,250.0,212.5
D3C2B1A9,The Laws of Human Nature by Robert Greene,Books & Stationery,500.0,425.0
A8B7C6D5,"Linc Pentonic Ball Point Pen (0.6mm, Black, Pack of 10)",Books & Stationery,40.0,34.0
F4E3A2B1,"Head Ti. Conquest Tennis Racket (Adult, Strung, Grey/Yellow)",Sports & Fitness,399.0,339.15
9C8D7E6F,"XLR8 Whey Protein (1kg, Cafe Mocha)",Sports & Fitness,399.0,339.15
5A4B3C2D,"Tommee Tippee Closer to Nature Easivent Feeding Bottle (260ml, Pack of 2)",Toys & Baby Products,500.0,425.0
E1F9A8B7,"Little Angel Baby Pants Diapers (Medium, 60 Count)",Toys & Baby Products,40.0,34.0
